generation,species,genomes_run,best_fitness,best_x,mean_fitness,max_fitness_ever,cleared,seconds
0,300,300,216.0,296,33.4,216.0,False,3.5
1,227,150,360.5,594,48.4,360.5,False,2.7
2,165,160,360.5,594,70.6,360.5,False,4.0
3,143,183,360.5,594,107.0,360.5,False,5.8
4,139,195,360.5,594,141.5,360.5,False,7.7
5,129,196,448.0,723,185.4,448.0,False,10.0
6,113,205,448.0,723,220.1,448.0,False,11.6
7,97,214,448.5,722,241.2,448.5,False,14.2
8,99,224,500.5,724,260.7,500.5,False,16.5
9,92,223,809.0,1133,268.5,809.0,False,17.6
10,83,226,809.0,1133,293.7,809.0,False,18.8
11,76,231,1080.0,1506,308.8,1080.0,False,18.8
12,72,233,1080.0,1506,349.0,1080.0,False,22.3
13,64,240,1123.5,1429,362.9,1123.5,False,23.7
14,64,246,1123.5,1429,366.1,1123.5,False,25.0
15,58,246,1136.5,1438,388.4,1136.5,False,26.3
16,54,248,1141.5,1435,428.8,1141.5,False,27.2
17,49,254,1141.5,1435,442.5,1141.5,False,28.4
18,46,257,1550.0,2025,437.7,1550.0,False,28.3
19,45,257,1614.0,2026,470.2,1614.0,False,29.0
20,51,256,1614.0,2026,464.2,1614.0,False,28.6
21,50,251,1614.0,2026,467.9,1614.0,False,28.3
22,50,250,1614.0,2026,509.8,1614.0,False,31.5
23,51,250,1614.0,2026,493.4,1614.0,False,28.7
24,48,252,1614.0,2026,514.4,1614.0,False,32.5
25,50,253,1614.0,2026,526.7,1614.0,False,32.0
26,49,251,1614.0,2026,528.2,1614.0,False,31.1
27,46,254,1614.0,2026,528.6,1614.0,False,30.9
28,43,257,1614.0,2026,505.2,1614.0,False,29.9
29,41,261,1614.0,2026,530.1,1614.0,False,31.2
30,35,266,1614.0,2026,558.5,1614.0,False,36.1
31,34,267,1614.0,2026,591.4,1614.0,False,35.0
32,33,267,1614.0,2026,615.6,1614.0,False,37.5
33,31,269,1614.0,2026,571.9,1614.0,False,35.8
34,32,269,1916.5,2466,584.4,1916.5,False,36.5
35,29,272,1916.5,2466,595.2,1916.5,False,37.8
36,30,272,1916.5,2466,631.3,1916.5,False,39.3
37,31,272,1938.0,2466,646.9,1938.0,False,38.8
38,33,269,1938.0,2466,613.4,1938.0,False,37.3
39,33,269,1938.0,2466,627.7,1938.0,False,37.5
40,29,271,1938.0,2466,627.5,1938.0,False,37.8
41,28,272,1939.0,2468,671.2,1939.0,False,41.5
42,26,274,1939.0,2468,683.2,1939.0,False,41.9
43,27,274,1939.0,2468,692.1,1939.0,False,40.9
44,27,273,1939.0,2468,681.0,1939.0,False,41.0
45,27,273,1939.0,2468,708.6,1939.0,False,42.0
46,27,274,1939.0,2468,661.8,1939.0,False,41.3
47,26,275,1939.0,2468,646.0,1939.0,False,42.2
48,25,275,1939.0,2468,703.0,1939.0,False,42.9
49,24,276,1939.0,2468,664.8,1939.0,False,42.9
50,24,277,1939.0,2468,677.2,1939.0,False,44.3
51,24,277,1939.0,2468,723.8,1939.0,False,44.8
52,24,276,1939.0,2468,717.3,1939.0,False,45.2
53,24,276,1939.0,2468,713.4,1939.0,False,44.5
54,22,278,2078.0,2964,772.3,2078.0,False,50.0
55,22,278,2078.0,2964,764.7,2078.0,False,49.6
56,22,278,2078.0,2964,719.8,2078.0,False,44.1
57,22,278,2078.0,2964,717.1,2078.0,False,44.4
58,20,280,2078.0,2964,733.9,2078.0,False,44.2
59,20,280,2092.5,2978,722.0,2092.5,False,44.4
60,20,280,2092.5,2978,726.3,2092.5,False,48.3
61,20,280,2092.5,2978,693.6,2092.5,False,42.0
62,20,280,2092.5,2978,695.6,2092.5,False,46.3
63,20,280,2092.5,2978,678.8,2092.5,False,43.4
64,19,281,2092.5,2978,689.5,2092.5,False,43.7
65,18,282,2092.5,2978,685.0,2092.5,False,46.5
66,17,283,2092.5,2978,709.2,2092.5,False,46.3
67,16,284,3467.5,3161,723.3,3467.5,True,46.2
